search_id;type of propery;Postcode;Link;Available as of;Available date;Neighbourhood or locality;Construction year;Floor;Number of floors;Building condition;Number of frontages;Surroundings type;Living area;Living room surface;Kitchen type;Kitchen surface;Bedrooms;Bedroom 1 surface;Bathrooms;Toilets;Furnished;Terrace surface;Elevator;Accessible for disabled people;Visio phone;Swimming pool;Primary energy consumption;Energy class;;Reference number of the EPC report;CO₂ emission;Yearly theoretical total energy consumption;As built plan;Heating type;Thermic solar panels;Double glazing;Planning permission obtained;Subdivision permit;Possible priority purchase right;Flood zone type;Latest land use designation;Price;Cadastral income;Tenement building;Address;Website;External reference;Covered parking spaces;Outdoor parking spaces;Bedroom 2 surface;Bedroom 3 surface;Office surface;Office;Dining room;Basement;Armored door;Caretaker;Monthly charges;Street frontage width;Shower rooms;Intercom;Total ground floor buildable;Extra information;Agent's name;Living room;Dressing room;Laundry room;Professional space;Surface of the plot;Gas, water & electricity;Terrace;Secure access / alarm;Photovoltaic solar panels;Property name;Terrace orientation;Air conditioning;Common water heater;TV cable;Connection to sewer network;Jacuzzi;Sauna;E-level (overall energy performance);Heat pump;Proceedings for breach of planning regulations;Garden;Garden orientation;Width of the lot on the street;Virtual visit;Bedroom 4 surface;Attic;Garden surface;How many fireplaces?;Professional space surface;Basement surface;Attic surface;Obligation to build;Bedroom 5 surface;Land is facing street;Wooded land;Plot at rear;Flat land;Internet;Conformity certification for fuel tanks;Type of building;Lump sum;Monthly annuity;Indexed annuity;Reversionary annuity;Bare ownership sale;Number of annuitants;Age of annuitant;Maximum duration of annuity
9937664;Apartment;9890;https://www.immoweb.be/en/classified/apartment/for-sale/gavere/9890/9937664?searchId=6298cd702c3cf;At delivery;November 1 2023 - 12:00 AM;Gent en omstreken;2021;2;2;As new;4;Urban;78;15;Hyper equipped;7;1;18;1;1;No;10;Yes;Yes;Yes;No;1;A;Not specified;Not specified;Not specified;No;Gas;Yes;Yes;Yes;No;No;Non flood zone;Living area (residential, urban or rural);;;No;;Sint-Denijslaan 1;;4783826;;;;;;;;;;;;;;;;;;;;;;;;;;;;;;;;;;;;;;;;;;;;;;;;;;;;;;;;;;;;;;;;;
9937657;Apartment;9890;https://www.immoweb.be/en/classified/apartment/for-sale/gavere/9890/9937657?searchId=6298cd702c3cf;At delivery;November 1 2023 - 12:00 AM;Gent en omstreken;2021;1;3;As new;4;Urban;76;19;Hyper equipped;7;1;14;1;1;No;11;Yes;Yes;Yes;No;1;A;Not specified;Not specified;Not specified;No;Gas;Yes;Yes;Yes;No;No;Non flood zone;Living area (residential, urban or rural);;;No;;Sint-Denijslaan 1;;4783816;1;1;;;;;;;;;;;;;;;;;;;;;;;;;;;;;;;;;;;;;;;;;;;;;;;;;;;;;;;;;;;;;;;
9937662;Apartment;9890;https://www.immoweb.be/en/classified/apartment/for-sale/gavere/9890/9937662?searchId=6298cd702c3cf;At delivery;November 1 2023 - 12:00 AM;Gent en omstreken;2021;2;3;As new;4;Urban;76;19;Hyper equipped;7;1;14;1;1;No;11;Yes;Yes;Yes;No;1;A;Not specified;Not specified;Not specified;No;Gas;Yes;Yes;Yes;No;No;Non flood zone;Living area (residential, urban or rural);;;No;;Sint-Denijslaan 1;;4783824;1;1;;;;;;;;;;;;;;;;;;;;;;;;;;;;;;;;;;;;;;;;;;;;;;;;;;;;;;;;;;;;;;;
9937672;Apartment;9890;https://www.immoweb.be/en/classified/apartment/for-sale/gavere/9890/9937672?searchId=6298cd702c3cf;At delivery;November 1 2023 - 12:00 AM;Gent en omstreken;2021;1;2;As new;4;Urban;95;29;Hyper equipped;7;2;12;1;1;No;12;Yes;Yes;Yes;No;1;A;Not specified;Not specified;Not specified;No;Gas;Yes;Yes;Yes;No;No;Non flood zone;Living area (residential, urban or rural);;;No;;Sint-Denijslaan 1;;4783835;1;1;8;;;;;;;;;;;;;;;;;;;;;;;;;;;;;;;;;;;;;;;;;;;;;;;;;;;;;;;;;;;;;;
9937668;Apartment;9890;https://www.immoweb.be/en/classified/apartment/for-sale/gavere/9890/9937668?searchId=6298cd702c3cf;At delivery;November 1 2023 - 12:00 AM;Gent en omstreken;2021;1;2;As new;4;Urban;95;29;Hyper equipped;8;2;12;1;1;No;11;Yes;Yes;Yes;No;1;A;Not specified;Not specified;Not specified;No;Gas;Yes;Yes;Yes;No;No;Non flood zone;Living area (residential, urban or rural);;;No;;Sint-Denijslaan 1;;4783830;1;1;10;;;;;;;;;;;;;;;;;;;;;;;;;;;;;;;;;;;;;;;;;;;;;;;;;;;;;;;;;;;;;;
9937666;Apartment;9890;https://www.immoweb.be/en/classified/apartment/for-sale/gavere/9890/9937666?searchId=6298cd702c3cf;At delivery;November 1 2023 - 12:00 AM;Gent en omstreken;2021;1;2;As new;4;Urban;95;29;Hyper equipped;7;2;13;1;1;No;11;Yes;Yes;Yes;No;1;A;Not specified;Not specified;Not specified;No;Gas;Yes;Yes;Yes;No;No;Non flood zone;Living area (residential, urban or rural);;;No;;Sint-Denijslaan 1;;4783828;1;1;9;;;;;;;;;;;;;;;;;;;;;;;;;;;;;;;;;;;;;;;;;;;;;;;;;;;;;;;;;;;;;;
9937660;Apartment;9890;https://www.immoweb.be/en/classified/apartment/for-sale/gavere/9890/9937660?searchId=6298cd702c3cf;At delivery;November 1 2023 - 12:00 AM;Gent en omstreken;2021;1;2;As new;4;Urban;97;29;Hyper equipped;7;2;13;1;1;No;11;Yes;Yes;Yes;No;1;A;Not specified;Not specified;Not specified;No;Gas;Yes;Yes;Yes;No;No;Non flood zone;Living area (residential, urban or rural);;;No;;Sint-Denijslaan 1;;4783821;1;1;10;;;;;;;;;;;;;;;;;;;;;;;;;;;;;;;;;;;;;;;;;;;;;;;;;;;;;;;;;;;;;;
9937680;Apartment;9890;https://www.immoweb.be/en/classified/apartment/for-sale/gavere/9890/9937680?searchId=6298cd702c3cf;At delivery;November 1 2023 - 12:00 AM;Gent en omstreken;2021;2;3;As new;4;Urban;97;31;Hyper equipped;5;2;14;1;1;No;10;Yes;Yes;Yes;No;1;A;Not specified;Not specified;Not specified;No;Gas;Yes;Yes;Yes;No;No;Non flood zone;Living area (residential, urban or rural);;;No;;Sint-Denijslaan 1;;4783846;1;1;12;;;;;;;;;;;;;;;;;;;;;;;;;;;;;;;;;;;;;;;;;;;;;;;;;;;;;;;;;;;;;;
9937676;Apartment;9890;https://www.immoweb.be/en/classified/apartment/for-sale/gavere/9890/9937676?searchId=6298cd702c3cf;At delivery;November 1 2023 - 12:00 AM;Gent en omstreken;2021;2;3;As new;4;Urban;97;29;Hyper equipped;5;2;14;1;1;No;10;Yes;Yes;Yes;No;1;A;Not specified;Not specified;Not specified;No;Gas;Yes;Yes;Yes;No;No;Non flood zone;Living area (residential, urban or rural);;;No;;Sint-Denijslaan 1;;4783841;1;1;8;;;;;;;;;;;;;;;;;;;;;;;;;;;;;;;;;;;;;;;;;;;;;;;;;;;;;;;;;;;;;;
9937678;Apartment;9890;https://www.immoweb.be/en/classified/apartment/for-sale/gavere/9890/9937678?searchId=6298cd702c3cf;At delivery;November 1 2023 - 12:00 AM;Gent en omstreken;2021;1;3;As new;4;Urban;112;29;Hyper equipped;8;3;12;1;1;No;10;Yes;Yes;Yes;No;1;A;Not specified;Not specified;Not specified;No;Gas;Yes;Yes;Yes;No;No;Non flood zone;Living area (residential, urban or rural);;;No;;Sint-Denijslaan 1;;4783844;1;1;10;10;;;;;;;;;;;;;;;;;;;;;;;;;;;;;;;;;;;;;;;;;;;;;;;;;;;;;;;;;;;;;
9937677;Apartment;9890;https://www.immoweb.be/en/classified/apartment/for-sale/gavere/9890/9937677?searchId=6298cd702c3cf;At delivery;November 1 2023 - 12:00 AM;Gent en omstreken;2021;3;3;As new;4;Urban;110;29;Hyper equipped;5;2;19;1;1;No;10;Yes;Yes;Yes;No;1;A;Not specified;Not specified;Not specified;No;Gas;Yes;Yes;Yes;No;No;Non flood zone;Living area (residential, urban or rural);;;No;;Sint-Denijslaan 1;;4783842;1;1;11;10;;;;;;;;;;;;;;;;;;;;;;;;;;;;;;;;;;;;;;;;;;;;;;;;;;;;;;;;;;;;;
9937675;Apartment;9890;https://www.immoweb.be/en/classified/apartment/for-sale/gavere/9890/9937675?searchId=6298cd702c3cf;At delivery;November 1 2023 - 12:00 AM;Gent en omstreken;2021;2;3;As new;4;Urban;111;29;Hyper equipped;8;3;12;2;1;No;10;Yes;Yes;Yes;No;1;A;Not specified;Not specified;Not specified;No;Gas;Yes;Yes;Yes;No;No;Non flood zone;Living area (residential, urban or rural);;;No;;Sint-Denijslaan 1;;4783840;1;1;10;10;;;;;;;;;;;;;;;;;;;;;;;;;;;;;;;;;;;;;;;;;;;;;;;;;;;;;;;;;;;;;
9937673;Apartment;9890;https://www.immoweb.be/en/classified/apartment/for-sale/gavere/9890/9937673?searchId=6298cd702c3cf;At delivery;November 1 2023 - 12:00 AM;Gent en omstreken;2021;2;3;As new;4;Urban;115;29;Hyper equipped;7;3;14;2;1;No;11;Yes;Yes;Yes;No;1;A;Not specified;Not specified;Not specified;No;Gas;Yes;Yes;Yes;No;No;Non flood zone;Living area (residential, urban or rural);;;No;;Sint-Denijslaan 1;;4783836;1;1;9;9;;;;;;;;;;;;;;;;;;;;;;;;;;;;;;;;;;;;;;;;;;;;;;;;;;;;;;;;;;;;;
9937658;Apartment;9890;https://www.immoweb.be/en/classified/apartment/for-sale/gavere/9890/9937658?searchId=6298cd702c3cf;At delivery;November 1 2023 - 12:00 AM;Gent en omstreken;2021;1;3;As new;4;Urban;126;29;Hyper equipped;10;2;15;1;1;No;11;Yes;Yes;Yes;No;1;A;Not specified;Not specified;Not specified;No;Gas;Yes;Yes;Yes;No;No;Non flood zone;Living area (residential, urban or rural);;;No;;Sint-Denijslaan 1;;4783818;1;1;10;9;;;;;;;;;;;;;;;;;;;;;;;;;;;;;;;;;;;;;;;;;;;;;;;;;;;;;;;;;;;;;
9937671;Apartment;9890;https://www.immoweb.be/en/classified/apartment/for-sale/gavere/9890/9937671?searchId=6298cd702c3cf;At delivery;November 1 2023 - 12:00 AM;Gent en omstreken;2021;2;3;As new;4;Urban;126;29;Hyper equipped;10;3;15;2;1;No;11;Yes;Yes;Yes;No;1;A;Not specified;Not specified;Not specified;No;Gas;Yes;Yes;Yes;No;No;Non flood zone;Living area (residential, urban or rural);;;No;;Sint-Denijslaan 1;;4783833;1;1;10;8;;;;;;;;;;;;;;;;;;;;;;;;;;;;;;;;;;;;;;;;;;;;;;;;;;;;;;;;;;;;;
9937661;Apartment;9890;https://www.immoweb.be/en/classified/apartment/for-sale/gavere/9890/9937661?searchId=6298cd702c3cf;At delivery;November 1 2023 - 12:00 AM;Gent en omstreken;2021;3;3;As new;4;Urban;165;23;Hyper equipped;7;2;22;2;1;No;11;Yes;Yes;Yes;No;1;A;Not specified;Not specified;Not specified;No;Gas;Yes;Yes;Yes;No;No;Non flood zone;Living area (residential, urban or rural);;;No;;Sint-Denijslaan 1;;4783822;1;1;16;8;;;;;;;;;;;;;;;;;;;;;;;;;;;;;;;;;;;;;;;;;;;;;;;;;;;;;;;;;;;;;
9937670;Duplex;9890;https://www.immoweb.be/en/classified/duplex/for-sale/gavere/9890/9937670?searchId=6298cd702c3cf;At delivery;November 1 2023 - 12:00 AM;Gent en omstreken;2021;2;2;As new;4;Urban;146;32;Hyper equipped;6;3;12;2;1;No;11;Yes;Yes;Yes;No;1;A;Not specified;Not specified;Not specified;No;Gas;Yes;Yes;Yes;No;No;Non flood zone;Living area (residential, urban or rural);;;No;;Sint-Denijslaan 1;;4783832;1;1;10;8;10;Yes;;;;;;;;;;;;;;;;;;;;;;;;;;;;;;;;;;;;;;;;;;;;;;;;;;;;;;;;;;;
9937656;Duplex;9890;https://www.immoweb.be/en/classified/duplex/for-sale/gavere/9890/9937656?searchId=6298cd702c3cf;At delivery;November 1 2023 - 12:00 AM;Gent en omstreken;2021;2;2;As new;4;Urban;148;28;Hyper equipped;6;3;16;2;1;No;11;Yes;Yes;Yes;No;1;A;Not specified;Not specified;Not specified;No;Gas;Yes;Yes;Yes;No;No;Non flood zone;Living area (residential, urban or rural);;;No;;Sint-Denijslaan 1;;4783815;1;1;13;8;7;Yes;;;;;;;;;;;;;;;;;;;;;;;;;;;;;;;;;;;;;;;;;;;;;;;;;;;;;;;;;;;
9941090;Apartment;1050;https://www.immoweb.be/en/classified/apartment/for-sale/ixelles/1050/9941090?searchId=6298cd702c3cf;After signing the deed;January 1 2000 - 12:00 AM;1 - Bruxelles Centre;2015;7;9;As new;2;Urban;203;60;Hyper equipped;6;3;18;2;3;No;76;Yes;Yes;Yes;No;63;B;1;13 kg CO₂/m²;Not specified;Gas;Gas;Yes;Yes;Non flood zone;No;No;Non flood zone;;;;No;;Avenue Baron Albert d'Huart 130;;4784865;1;1;16;15;7;Yes;Yes;Yes;Yes;Yes;;;;;;;;;;;;;;;;;;;;;;;;;;;;;;;;;;;;;;;;;;;;;;;;;;;;;;;
9935230;Apartment;1090;https://www.immoweb.be/en/classified/apartment/for-sale/jette/1090/9935230?searchId=6298cd702c3cf;After signing the deed;July 1 2022 - 12:00 AM;bruxelles;2022;1;3;As new;3;Isolated;75;30;USA hyper equipped;6;1;16;1;1;No;10;Yes;Yes;Yes;No;78;B;Not specified;23 kg CO₂/m²;Not specified;Yes, conform;Gas;Yes;Yes;1000;No;No;Non flood zone;Residential park;;No;No;;Avenue Louise 231;;4782517;11;11;16;15;7;Yes;Yes;Yes;Yes;Yes;;40 m;1;Yes;No;;;;;;;;;;;;;;;;;;;;;;;;;;;;;;;;;;;;;;;;;;;;;;;;;;
9935244;Apartment;1090;https://www.immoweb.be/en/classified/apartment/for-sale/jette/1090/9935244?searchId=6298cd702c3cf;After signing the deed;July 1 2022 - 12:00 AM;bruxelles;2022;1;3;As new;3;Isolated;81;30;USA hyper equipped;6;2;16;1;2;No;5;Yes;Yes;Yes;No;78;B;Not specified;23 kg CO₂/m²;Not specified;Yes, conform;Gas;Yes;Yes;1000;No;No;Non flood zone;Residential park;;No;No;;Avenue Louise 231;;4782518;11;11;14;15;7;Yes;Yes;Yes;Yes;Yes;;40 m;1;Yes;No;;;;;;;;;;;;;;;;;;;;;;;;;;;;;;;;;;;;;;;;;;;;;;;;;;
9941649;;1000;https://www.immoweb.be/en/classified/apartment/for-sale/bruxelles/1000/9941649?searchId=6298cd702c3cf;After signing the deed;July 1 2022 - 12:00 AM;bruxelles;2022;1;3;As new;3;Isolated;81;30;USA hyper equipped;6;2;16;1;2;No;5;Yes;Yes;Yes;No;78;B;Not specified;23 kg CO₂/m²;Not specified;Yes, conform;Gas;Yes;Yes;1000;No;No;Non flood zone;Residential park;;No;No;;Avenue Louise 231;;4782518;11;11;14;15;7;Yes;Yes;Yes;Yes;Yes;;40 m;1;Yes;No;;;;;;;;;;;;;;;;;;;;;;;;;;;;;;;;;;;;;;;;;;;;;;;;;;
9941648;;1210;https://www.immoweb.be/en/classified/apartment/for-sale/saint-josse-ten-noode/1210/9941648?searchId=6298cd702c3cf;After signing the deed;July 1 2022 - 12:00 AM;bruxelles;2022;1;3;As new;3;Isolated;81;30;USA hyper equipped;6;2;16;1;2;No;5;Yes;Yes;Yes;No;78;B;Not specified;23 kg CO₂/m²;Not specified;Yes, conform;Gas;Yes;Yes;1000;No;No;Non flood zone;Residential park;;No;No;;Avenue Louise 231;;4782518;11;11;14;15;7;Yes;Yes;Yes;Yes;Yes;;40 m;1;Yes;No;;;;;;;;;;;;;;;;;;;;;;;;;;;;;;;;;;;;;;;;;;;;;;;;;;
9900387;Evora;1140;https://www.immoweb.be/en/classified/new-real-estate-project-apartments/for-sale/evere/1140/9900387?searchId=6298cd702c3cf;At delivery;July 1 2022 - 12:00 AM;Residentiële wijk;2022;1;3;As new;3;Isolated;81;30;USA hyper equipped;6;2;16;1;2;No;5;Yes;Yes;Yes;No;Not specified;Not specified;Not specified;Not specified;Not specified;No;Gas;Yes;Yes;1000;No;No;Non flood zone;Residential park;;No;No;;Foreestelaan 86/201;;4782518;11;11;14;15;7;Yes;Yes;Yes;Yes;Yes;;40 m;1;Yes;No;;;;;;;;;;;;;;;;;;;;;;;;;;;;;;;;;;;;;;;;;;;;;;;;;;
9929996;Chaussée d'Ixelles;1050;https://www.immoweb.be/en/classified/new-real-estate-project-apartments/for-sale/ixelles/1050/9929996?searchId=6298cd702c3cf;Immediately;July 1 2022 - 12:00 AM;'Piétonnier Chaussée d'Ixelles';2022;1;3;As new;3;Isolated;81;30;USA hyper equipped;6;2;16;1;2;No;5;Yes;Yes;Yes;No;Not specified;Not specified;Not specified;Not specified;Not specified;Yes;Gas;Yes;Yes;1000;"Real estate project entirely refurbished and finished in 2022 with retail and flats going from one to two bedrooms. State of the art project in a trendy neighbourhood located between Avenue Louise and the European district!
No VAT.";No;Non flood zone;Residential park;;No;No;;Rue du Monastère 24;;4782518;11;11;14;15;7;Yes;Yes;Yes;Yes;Yes;;40 m;1;Yes;No;No;;;;;;;;;;;;;;;;;;;;;;;;;;;;;;;;;;;;;;;;;;;;;;;;;
9935245;Apartment;1090;https://www.immoweb.be/en/classified/apartment/for-sale/jette/1090/9935245?searchId=6298cd702c3cf;After signing the deed;July 1 2022 - 12:00 AM;bruxelles;2022;2;3;As new;3;Isolated;88;30;USA hyper equipped;6;2;16;1;2;No;10;Yes;Yes;Yes;No;78;B;Not specified;23 kg CO₂/m²;Not specified;Yes, conform;Gas;Yes;Yes;1000;"Real estate project entirely refurbished and finished in 2022 with retail and flats going from one to two bedrooms. State of the art project in a trendy neighbourhood located between Avenue Louise and the European district!
No VAT.";No;Non flood zone;Residential park;;No;No;;Avenue Louise 231;;4782524;11;11;14;15;7;Yes;Yes;Yes;Yes;Yes;;40 m;1;Yes;No;No;;;;;;;;;;;;;;;;;;;;;;;;;;;;;;;;;;;;;;;;;;;;;;;;;
9938723;Apartment;1000;https://www.immoweb.be/en/classified/apartment/for-sale/brussels-city/1000/9938723?searchId=6298cd702c3cf;After signing the deed;March 31 2022 - 12:00 AM;bruxelles;2021;1;7;As new;3;Urban;129;40;USA hyper equipped;6;3;16;2;2;No;12;Yes;Yes;Yes;No;30;A;1;5 kg CO₂/m²;Not specified;Gas;Gas;Non flood zone;Yes;1000;"Real estate project entirely refurbished and finished in 2022 with retail and flats going from one to two bedrooms. State of the art project in a trendy neighbourhood located between Avenue Louise and the European district!
No VAT.";No;Non flood zone;;;No;No;;Avenue Baron Albert d'Huart 130;;4784016;11;11;11;10;7;Yes;Yes;Yes;Yes;Yes;;40 m;1;Yes;No;No;;;;;;;;;;;;;;;;;;;;;;;;;;;;;;;;;;;;;;;;;;;;;;;;;
9938722;Penthouse;1000;https://www.immoweb.be/en/classified/penthouse/for-sale/brussels-city/1000/9938722?searchId=6298cd702c3cf;After signing the deed;May 31 2022 - 12:00 AM;bruxelles;2021;12;12;As new;3;Urban;220;70;USA hyper equipped;6;2;26;2;2;No;27;Yes;Yes;Yes;No;30;A;1;5 kg CO₂/m²;Not specified;Gas;Gas;Non flood zone;Yes;1000;"Real estate project entirely refurbished and finished in 2022 with retail and flats going from one to two bedrooms. State of the art project in a trendy neighbourhood located between Avenue Louise and the European district!
No VAT.";No;Non flood zone;;;No;No;;Avenue Baron Albert d'Huart 130;;4784011;11;11;12;10;7;Yes;Yes;Yes;Yes;Yes;;40 m;1;Yes;No;No;;;;;;;;;;;;;;;;;;;;;;;;;;;;;;;;;;;;;;;;;;;;;;;;;
9881253;Cambre Student Living;1000;https://www.immoweb.be/en/classified/new-real-estate-project-apartments/for-sale/brussels-city/1000/9881253?searchId=6298cd702c3cf;At delivery;May 31 2022 - 12:00 AM;Cambre;2021;12;12;As new;3;Urban;220;70;USA hyper equipped;6;2;26;2;2;No;27;Yes;Yes;Yes;No;Not specified;Not specified;Not specified;Not specified;Not specified;No;Gas;Non flood zone;Yes;1000;"Real estate project entirely refurbished and finished in 2022 with retail and flats going from one to two bedrooms. State of the art project in a trendy neighbourhood located between Avenue Louise and the European district!
No VAT.";No;Non flood zone;;;No;No;;Chausée de Bruxelles 135 A;;4784011;11;11;12;10;7;Yes;Yes;Yes;Yes;Yes;;40 m;1;Yes;No;No;Aurore Orbant;;;;;;;;;;;;;;;;;;;;;;;;;;;;;;;;;;;;;;;;;;;;;;;;
9914498;Teunishof;2980;https://www.immoweb.be/en/classified/new-real-estate-project-apartments/for-sale/sint-antonius/2980/9914498?searchId=6298cd702c3cf;At delivery;May 31 2022 - 12:00 AM;Cambre;2021;12;12;As new;3;Urban;220;70;USA hyper equipped;6;2;26;2;2;No;27;Yes;Yes;Yes;No;Not specified;Not specified;Not specified;Not specified;Not specified;Not specified;Gas;Non flood zone;Yes;1000;"Real estate project entirely refurbished and finished in 2022 with retail and flats going from one to two bedrooms. State of the art project in a trendy neighbourhood located between Avenue Louise and the European district!
No VAT.";No;Non flood zone;;;No;No;No;;Industrielaan 41;4784011;11;11;12;10;7;Yes;Yes;Yes;Yes;Yes;;40 m;1;Yes;No;No;Aurore Orbant;;;;;;;;;;;;;;;;;;;;;;;;;;;;;;;;;;;;;;;;;;;;;;;;
9944788;Villa;1330;https://www.immoweb.be/en/classified/villa/for-sale/rixensart/1330/9944788;;May 31 2022 - 12:00 AM;Cambre;After signing the deed;12;12;2009;As new;Urban;8;70;Yes;6;Hyper equipped;26;Yes;2;Yes;27;Yes;Yes;Yes;No;Yes;68;A;20210225022194;12 kg CO₂/m²;Not specified;Gas;Gas;Yes;Yes;"Real estate project entirely refurbished and finished in 2022 with retail and flats going from one to two bedrooms. State of the art project in a trendy neighbourhood located between Avenue Louise and the European district!
No VAT.";No;Non flood zone;;;;;No;;Avenue Capouillet 58 A;4784011;4;6;12;10;7;Yes;Yes;Yes;Yes;Yes;;40 m;1;Yes;No;No;Aurore Orbant;850;8;6;Yes;No;207;Yes;Yes;Yes;;;;;;;;;;;;;;;;;;;;;;;;;;;;;;;;;;;;;;;
9944787;Apartment;8630;https://www.immoweb.be/en/classified/apartment/for-sale/veurne/8630/9944787;;May 31 2022 - 12:00 AM;Cambre;Vue;2022;1;4;As new;As new;Living area (residential, urban or rural);70;Yes;6;Installed;26;2;1;Yes;No;South East;Yes;Yes;No;Yes;Not specified;A;Not specified;Not specified;Not specified;Gas;Not specified;Yes;Yes;Yes;No;Non flood zone;;;Yes;;;No;;4784011;4;6;12;10;7;Yes;Yes;Yes;Yes;Yes;;40 m;1;Yes;No;No;Aurore Orbant;93;8;1;Yes;No;207;Yes;Yes;Yes;At delivery;11;Yes;Gas;;;;;;;;;;;;;;;;;;;;;;;;;;;;;;;;;;;
9944778;House;7340;https://www.immoweb.be/en/classified/house/for-sale/colfontaine/7340/9944778;;May 31 2022 - 12:00 AM;Cambre;Vue;2022;1;Foreestelaan 86/201;;As new;To be done up;70;Yes;3;150;26;12;1;3;Connected;Yes;2;Yes;No;No;No;397;E;20220518011865;Not specified;Gas;397;No;No;Yes;Yes;No;No;Non flood zone;Another type of area;;;No;;4784011;4;6;12;10;7;Yes;Yes;Yes;No;Yes;;40 m;1;Yes;No;No;Aurore Orbant;93;8;1;Yes;No;220;Yes;No;No;At delivery;11;Yes;No;No;Yes;No;Yes;90253 kWh/year;Gas;No;;;;;;;;;;;;;;;;;;;;;;;;;;;;
9944777;House;9500;https://www.immoweb.be/en/classified/house/for-sale/overboelare/9500/9944777;Rue Grande 92;May 31 2022 - 12:00 AM;Cambre;;2022;1;After signing the deed;Good;As new;3;5;95;35;Installed;8;14;14;1;Yes;Yes;2;Yes;No;North;30;340;D;20220526-0002611765-RES-1;Not specified;Not specified;No;No;Fuel oil;Yes;Yes;No;No;Non flood zone;Living area (residential, urban or rural);;;No;;Geraardsbergenstraat 13A;10 m;4;2;10;7;Yes;Yes;1;No;Yes;;1969;1;Yes;No;No;Aurore Orbant;93;8;1;Yes;Yes;No;Yes;No;No;At delivery;11;Yes;No;No;Yes;No;Yes;90253 kWh/year;Gas;No;2020;Yes;;;;;;;;;;;;;;;;;;;;;;;;;;
9944776;Mixed-use building;9500;https://www.immoweb.be/en/classified/mixed-use-building/for-sale/overboelare/9500/9944776;;May 31 2022 - 12:00 AM;Cambre;1621 - DS22/031;2022;1;After signing the deed;Good;As new;3;5;95;35;Installed;8;14;14;1;Yes;Yes;2;Yes;No;North;30;340;D;20220526-0002611765-RES-1;Not specified;Not specified;No;No;Fuel oil;Yes;Yes;No;No;Non flood zone;Living area (residential, urban or rural);;;Yes;;Geraardsbergenstraat 13A;10 m;4;2;10;7;Yes;Yes;1;No;Yes;;1969;1;Yes;No;No;Aurore Orbant;93;8;1;Yes;Yes;No;Yes;No;No;At delivery;11;Yes;No;No;Yes;No;Yes;90253 kWh/year;Gas;No;2020;Yes;;;;;;;;;;;;;;;;;;;;;;;;;;
9944775;House;2840;https://www.immoweb.be/en/classified/house/for-sale/rumst/2840/9944775;;May 31 2022 - 12:00 AM;Cambre;1620 - DS22/031;2022;1;After signing the deed;1951;As new;6 m;5;2;35;156;8;Installed;4;Yes;Yes;Yes;2;Yes;No;North West;Yes;235;C;2022052700026111791-RES1;1000 kg CO₂/m²;Not specified;78;No;Gas;Yes;Yes;Yes;No;Non flood zone;Non flood zone;;;No;;;10 m;4;2;10;7;2;Yes;3;No;Yes;;After signing the deed;1;Yes;No;No;Aurore Orbant;93;8;1;Yes;Yes;198;Yes;No;No;At delivery;11;Yes;No;No;Yes;No;Yes;No;Gas;No;;Yes;No;;;;;;;;;;;;;;;;;;;;;;;;;
9944774;Bungalow;9500;https://www.immoweb.be/en/classified/bungalow/for-sale/overboelare/9500/9944774;Lusthovenlaan 39;May 31 2022 - 12:00 AM;Cambre;118 - 93363902;2022;1;After signing the deed;Good;As new;3;5;95;35;Installed;8;14;14;1;Yes;Yes;2;Yes;No;North;30;340;D;20220526-0002611765-RES-1;Not specified;Not specified;No;No;Fuel oil;Yes;Yes;No;No;Non flood zone;Living area (residential, urban or rural);;;No;;Geraardsbergenstraat 13A;10 m;4;2;10;7;2;Yes;1;No;Yes;;1969;1;Yes;No;No;Aurore Orbant;93;8;1;Yes;Yes;No;Yes;No;No;At delivery;11;Yes;No;No;Yes;No;Yes;No;Gas;No;2020;Yes;No;;;;;;;;;;;;;;;;;;;;;;;;;
9944765;Apartment;9120;https://www.immoweb.be/en/classified/apartment/for-sale/beveren-waas/9120/9944765;;May 31 2022 - 12:00 AM;Cambre;118 - 93363902;After signing the deed;1;Parkresidentie Gulden Vlies;3;2;1;Living area (residential, urban or rural);108;35;45;Installed;15;10;1;Yes;Yes;2;South West;No;Yes;Yes;210;C;20220602-0002615895-RES-1;Not specified;Not specified;No;No;Electric;Yes;Yes;No;No;Non flood zone;Living area (residential, urban or rural);;;No;;Geraardsbergenstraat 13A;As new;4;2;10;7;2;Yes;1;No;Yes;;1969;1;Yes;No;No;Walestraat;93;8;1;Yes;Yes;No;1;No;No;1575 - DS22/031;Yes;Yes;No;No;Yes;No;Yes;No;Gas;No;2020;Yes;No;;;;;;;;;;;;;;;;;;;;;;;;;
9923703;CARRE COGHEN;1180;https://www.immoweb.be/en/classified/new-real-estate-project-apartments/for-sale/uccle/1180/9923703?searchId=6298cd78cd665;;;Marcel Vastgoed;118 - 93363902;After signing the deed;1;Parkresidentie Gulden Vlies;3;2;1;Living area (residential, urban or rural);108;35;45;Installed;15;10;1;Yes;Yes;2;South West;No;Bruxelles Sud;36;55;B;B;Not specified;Not specified;No;No;Electric;Yes;Yes;No;Not specified;Non flood zone;Living area (residential, urban or rural);;Non flood zone;No;;Avenue Louis Lepoutre 112;As new;June 1 2022 - 12:00 AM;2;10;7;2;Yes;1;No;Yes;;1969;1;Yes;No;No;Walestraat;93;8;1;Yes;Yes;No;1;No;No;1575 - DS22/031;Yes;Yes;No;No;Yes;No;Yes;No;Gas;No;2020;Yes;No;;;;;;;;;;;;;;;;;;;;;;;;;
9941464;House;4020;https://www.immoweb.be/en/classified/house/for-sale/liege/4020/9941464?searchId=6298cd78cd665;;4768655;Marcel Vastgoed;To be defined;After signing the deed;1;March 1 2023 - 12:00 AM;To be done up;2;Living area (residential, urban or rural);;159;37;Semi equipped;17;14;2;Yes;Yes;251;48;South West;Yes;Yes;No;504;F;20220515005453;126 kg CO₂/m²;Not specified;65826 kWh/year;No;Gas;Yes;190;No;No;Non flood zone;Residential park;;;No;;Rue de la Wallonie 2A;9 m;June 1 2022 - 12:00 AM;4;18;7;2;Yes;2;No;Yes;;1919;13;No;Yes;No;Walestraat;93;8;1;Yes;No;;1;No;No;1575 - DS22/031;Yes;Yes;No;No;417;No;Yes;No;Gas;No;2020;Yes;Yes;1;17;Yes;Connected;;;;;;;;;;;;;;;;;;;;;
9281516;Serenity Valley;1160;https://www.immoweb.be/en/classified/new-real-estate-project-apartments/for-sale/auderghem/1160/9281516?searchId=6298cd78cd665;;4768655;Marcel Vastgoed;To be defined;After signing the deed;1;March 1 2023 - 12:00 AM;To be done up;2;Living area (residential, urban or rural);;159;37;Semi equipped;17;14;2;Yes;Yes;251;48;South West;Yes;At delivery;;Not specified;Not specified;Not specified;Not specified;Not specified;65826 kWh/year;No;Gas;Yes;190;No;No;Non flood zone;Residential park;;Not specified;No;;Rue de la Wallonie 2A;9 m;June 1 2022 - 12:00 AM;4;18;7;2;Yes;2;No;Yes;;1919;13;No;Yes;No;Walestraat;93;8;1;Yes;No;;1;No;No;1575 - DS22/031;Yes;Yes;No;No;417;No;Yes;No;Gas;No;2020;Yes;Yes;4746929;17;Yes;Connected;;;;;;;;;;;;;;;;;;;;;
9936537;Roeselare - w.e.s.t.;8800;https://www.immoweb.be/en/classified/new-real-estate-project-apartments/for-sale/roeselare/8800/9936537?searchId=6298cd78cd665;;4768655;Marcel Vastgoed;To be defined;After signing the deed;1;March 1 2023 - 12:00 AM;To be done up;2;Living area (residential, urban or rural);;159;37;Semi equipped;17;14;2;Yes;Yes;251;48;South West;Yes;1;1;Not specified;Not specified;Not specified;Not specified;Not specified;65826 kWh/year;No;Gas;Yes;190;Not specified;No;Non flood zone;Residential park;;No;Non flood zone;No;;Herman-Debrouxlaan 42, 9;At delivery;4;18;7;2;Yes;2;No;Yes;;1919;13;No;Yes;No;Walestraat;93;8;1;Yes;No;;1;No;No;1575 - DS22/031;Yes;Yes;No;No;417;No;Yes;No;Gas;Not specified;2020;Yes;Yes;4746929;17;Yes;Connected;;;;;;;;;;;;;;;;;;;;;
9937330;Bergbos De Heeren;9820;https://www.immoweb.be/en/classified/new-real-estate-project-apartments/for-sale/merelbeke/9820/9937330?searchId=6298cd78cd665;;4768655;Marcel Vastgoed;To be defined;After signing the deed;1;March 1 2023 - 12:00 AM;To be done up;2;Living area (residential, urban or rural);;159;37;Semi equipped;17;14;2;Yes;Yes;251;48;South West;Yes;Antoon Catriestraat  8a;;Not specified;4782768;Not specified;Not specified;Not specified;65826 kWh/year;No;Gas;Not specified;190;Not specified;No;Non flood zone;Residential park;;Yes;No;No;;Herman-Debrouxlaan 42, 9;At delivery;4;18;7;2;Yes;2;No;Yes;;1919;13;No;Yes;No;Walestraat;93;8;1;Yes;No;;1;No;No;1575 - DS22/031;Yes;Yes;No;No;417;No;Yes;No;Gas;Not specified;2020;Yes;Yes;4746929;17;Yes;Connected;;;;;;;;;;;;;;;;;;;;;
9942698;Penthouse;9100;https://www.immoweb.be/en/classified/penthouse/for-sale/sint-niklaas/9100/9942698?searchId=6298cd78cd665;;4768655;Marcel Vastgoed;No;;Kortrijksesteenweg, 390 bus 001;;1984;2;7;Good;1;37;122;17;45;1;Installed;3;1;48;South West;Yes;2;No;90;Yes;228;C;Not specified;Not specified;No;Not specified;No;190;Gas;Yes;No;No;Non flood zone;Living area (residential, urban or rural);;;No;7;At delivery;4;18;7;2;Yes;2;No;Yes;;1919;13;No;Yes;No;Walestraat;93;8;1;Yes;No;;1;No;No;1575 - DS22/031;Yes;Yes;No;No;417;No;Yes;No;Gas;Yes;2020;Yes;Yes;4746929;17;Yes;Connected;2;;;;;;;;;;;;;;;;;;;;
9941435;Apartment block;6800;https://www.immoweb.be/en/classified/apartment-block/for-sale/libramont-chevigny/6800/9941435?searchId=6298cd78cd665;;Dorpsstraat, 21;;6064 - 1690297;;Kortrijksesteenweg, 390 bus 001;Immediately;Zone Centre Province du Luxembourg;As new;13.99 m;4;6;Countryside;419;2;8;17;96;3;1247;;South West;No;No;Yes;Yes;No;432;F;Not specified;20210615005550;No;123 kg CO₂/m²;30734 kWh/year;Yes;Yes;Yes;No;No;No;Non flood zone;;;Yes;7;2004;Installed;18;18;2;Yes;2;No;Yes;;May 21 2022 - 12:00 AM;2;No;Electric;No;Walestraat;93;8;1;Yes;Yes;141;1;1247;No;1575 - DS22/031;Yes;Yes;No;No;417;No;Yes;No;Gas;155;2020;Yes;80;4746929;17;Yes;No;2;2;4;;;;;;;;;;;;;;;;;;
9939272;Apartment;1050;https://www.immoweb.be/en/classified/apartment/for-sale/ixelles/1050/9939272?searchId=6298cd78cd665;;Avenue de Bouillon 92;;;4769916;After signing the deed;September 30 2022 - 12:00 AM;1964;2;To be done up;3;Isolated;;110;40;3;13;1;2;No;Yes;Yes;Yes;Yes;Yes;Yes;No;218;E;611548-01-4;43 kg CO₂/m²;No;Not specified;Yes, conform;Yes;Yes;119;Yes;No;Non flood zone;Living area (residential, urban or rural);;;No;7;2004;Semi equipped;7;18;2;Yes;11;9;Yes;;May 21 2022 - 12:00 AM;15;No;Gas;No;Walestraat;93;8;1;Yes;Yes;141;1;1247;No;1575 - DS22/031;Yes;Yes;No;No;417;No;Yes;No;Gas;155;2020;Yes;80;11;17;Yes;No;2;2;4;;;;;;;;;;;;;;;;;;
9941084;Apartment;1050;https://www.immoweb.be/en/classified/apartment/for-sale/ixelles/1050/9941084?searchId=6298cd78cd665;;Avenue Louise 433;;;4773271;After signing the deed;September 1 2022 - 12:00 AM;1899;2;Good;3;;;81;28;Yes;1;1;1;1;Yes;Yes;8;No;No;Yes;No;279;F;611548-01-4;201702800003739400014;No;59 kg CO₂/m²;Yes, conform;Yes;Yes;Not specified;Yes;Gas;Non flood zone;;;;No;7;2004;Semi equipped;7;18;2;Urban;17;9;Yes;Yes;May 21 2022 - 12:00 AM;Hyper equipped;No;Gas;No;Walestraat;93;8;1;Yes;Yes;141;1;1247;No;1575 - DS22/031;Yes;Yes;No;No;417;No;Yes;No;Gas;155;2020;Yes;80;3;17;Yes;No;2;2;4;;;;;;;;;;;;;;;;;;
9941373;House;1601;https://www.immoweb.be/en/classified/house/for-sale/ruisbroek-(-bij-brussel)/1601/9941373?searchId=6298cd78cd665;;Avenue Louise 433;;Avenue Baron Albert d'Huart 130;4773271;After signing the deed;;After signing the deed;7 m;1;3;;201;Yes;Yes;16;11;2;;Connected;No;Yes;No;Yes;Yes;Yes;No;295;C;611548-01-4;Not specified;No;Not specified;Yes, conform;Gas;Yes;No;No;No;Non flood zone;Living area (residential, urban or rural);;;No;1888;Good;Installed;8;18;2;Urban;17;9;Yes;Yes;4735160;15;178;Not specified;No;Walestraat;1;8;1;Yes;3;Yes;1;85;No;1575 - DS22/031;Yes;Yes;No;No;No;No;Yes;No;Gas;115;2020;Yes;33;2;4;Yes;293;2;2;29;;;;;;;;;;;;;;;;;;
9942225;Apartment;2800;https://www.immoweb.be/en/classified/apartment/for-sale/mechelen/2800/9942225?searchId=6298cd78cd665;;Avenue Louise 433;;Place Communale 8;;After signing the deed;4756998;After signing the deed;7 m;2010;2;1;141;56;1;13;2;19;14;1;No;2;No;No;3;Yes;Yes;139;B;20220524-0002610032-RES-1;Not specified;No;Not specified;Yes, conform;Gas;No;Yes;Yes;No;Living area (residential, urban or rural);;;;No;After signing the deed;Good;Installed;8;18;2;Urban;17;9;Yes;Non flood zone;4735160;15;178;Not specified;No;Walestraat;1;8;1;Yes;3;Yes;1;85;No;1575 - DS22/031;Yes;Yes;No;No;No;No;Yes;No;Gas;Gas;2020;Yes;33;2;4;Yes;293;Good;2;29;;;;;;;;;;;;;;;;;;
9938746;Apartment;1150;https://www.immoweb.be/en/classified/apartment/for-sale/woluwe-saint-pierre/1150/9938746?searchId=6298cd78cd665;;Avenue Louise 433;;Dorp 4A;;4220 - 1087;Depending on the tenant;1969;2;As new;2;Living area (residential, urban or rural);;125;37;3;12;1;10;Yes;No;2;Yes;No;Yes;Yes;No;130;C;20220524-0002610032-RES-1;Not specified;No;Not specified;Yes, conform;Gas;No;Yes;Yes;25 kg CO₂/m²;Not specified;Gas;;;No;After signing the deed;Good;Installed;8;13;14;Urban;17;20;Yes;Non flood zone;4735160;15;Yes;Not specified;No;Walestraat;1;8;1;Yes;3;Yes;1;85;No;1575 - DS22/031;Yes;Yes;No;No;No;No;Yes;No;Gas;Gas;2020;Yes;33;5;4;Yes;293;Good;2;29;;;;;;;;;;;;;;;;;;
9867538;Villa;1702;https://www.immoweb.be/en/classified/villa/for-sale/groot-bijgaarden/1702/9867538?searchId=6298cd78cd665;;;;Avenue des Cerisiers, 212;;4220 - 1087;;October 1 2022 - 12:00 AM;8.15 m;1;2;Isolated;;197;30;3;24;1;10;525;Connected;2;Yes;No;No;Yes;No;434;E;20220524-0002610032-RES-1;2586246;No;Not specified;Not specified;Gas;Yes;No;Yes;No;No;Non flood zone;;;No;1956;As new;Hyper equipped;11;13;14;Urban;17;20;Yes;Non flood zone;4765302;15;Yes;Not specified;No;Walestraat;1;8;1;Yes;6;2;Yes;85;No;1575 - DS22/031;Yes;Yes;No;Yes;1;No;Yes;No;Gas;Yes;2020;Yes;33;4;4;Yes;293;Good;2;29;;;;;;;;;;;;;;;;;;
9941048;RESIDENCE TENBOSCH;1050;https://www.immoweb.be/en/classified/new-real-estate-project-apartments/for-sale/ixelles/1050/9941048?searchId=6298cd78cd665;;Astridlaan 1;;Avenue des Cerisiers, 212;;4220 - 1087;;October 1 2022 - 12:00 AM;8.15 m;1;2;Isolated;;197;30;3;24;1;10;525;Connected;2;Yes;July 1 2024 - 12:00 AM;Projets Bruxelles Sud;1;;55;B;20220524-0002610032-RES-1;2586246;No;Not specified;Not specified;Gas;Yes;B;Yes;No;No;65 kg CO₂/m²;Not specified;;Non flood zone;4733283;As new;Hyper equipped;11;13;14;Urban;17;20;Yes;Non flood zone;4765302;15;Yes;Not specified;No;Walestraat;1;8;1;Yes;6;2;Yes;85;No;1575 - DS22/031;Yes;Yes;No;Yes;1;No;Yes;No;Gas;Yes;2020;Yes;33;At delivery;4;Yes;293;Good;2;29;;;;;;;;;;;;;;;;;;
9938226;POMPIDOU;1000;https://www.immoweb.be/en/classified/new-real-estate-project-apartments/for-sale/bruxelles/1000/9938226?searchId=6298cd78cd665;No;Astridlaan 1;;Avenue des Cerisiers, 212;;4220 - 1087;;October 1 2022 - 12:00 AM;8.15 m;1;2;Isolated;;197;30;3;24;1;10;525;Connected;2;Yes;;Chaussée de Waterloo 1382;4614335;After signing the deed;30;A;20220524-0002610032-RES-1;2586246;No;Not specified;Not specified;Gas;Yes;B;Yes;No;No;Not specified;Not specified;Not specified;Non flood zone;4733283;As new;Hyper equipped;11;13;14;Urban;17;20;Yes;Non flood zone;4765302;15;Yes;Not specified;No;Walestraat;1;8;1;Yes;6;2;Yes;85;No;1575 - DS22/031;Yes;Yes;No;Yes;1;No;Yes;No;Gas;Yes;2020;Yes;33;At delivery;4;Yes;293;Good;2;29;;;;;;;;;;;;;;;;;;
9939016;House;6800;https://www.immoweb.be/en/classified/house/for-sale/libramont-chevigny/6800/9939016?searchId=6298cd78cd665;No;Astridlaan 1;;Rue Joseph Hazard 35;;4220 - 1087;;Zone Centre Province du Luxembourg;7.5 m;3;2;1;Living area (residential, urban or rural);60;15;Not installed;8;11;;Connected;No;2;10;No;No;Yes;No;470;F;20220524-0002610032-RES-1;20220420022685;No;116 kg CO₂/m²;Not specified;Gas;Yes;Fuel oil;Yes;58;Non flood zone;Living area (residential, urban or rural);;;No;1998;To renovate;Hyper equipped;11;13;14;Urban;17;20;Yes;Non flood zone;Depending on the tenant;15;Yes;24684 kWh/year;No;Walestraat;1;8;1;Yes;1;Yes;Yes;85;No;1575 - DS22/031;Yes;Yes;No;60;No;No;Yes;No;Gas;Yes;2020;Yes;20;At delivery;4;Yes;158;Good;2;29;1;;;;;;;;;;;;;;;;;
9922623;EVEREAST;1140;https://www.immoweb.be/en/classified/new-real-estate-project-apartments/for-sale/evere/1140/9922623?searchId=6298cd78cd665;No;;;Rue Joseph Hazard 35;;4220 - 1087;;Zone Centre Province du Luxembourg;7.5 m;3;2;1;Living area (residential, urban or rural);60;15;Not installed;8;11;;Connected;No;2;10;Avenue de Bouillon 92;;4747546;June 15 2023 - 12:00 AM;70;B;20220524-0002610032-RES-1;20220420022685;No;116 kg CO₂/m²;Not specified;Gas;Yes;Fuel oil;Yes;58;Non flood zone;Not specified;Not specified;Not specified;No;1998;To renovate;Hyper equipped;11;13;14;Urban;17;20;Yes;Non flood zone;Depending on the tenant;15;Yes;24684 kWh/year;No;Walestraat;1;8;1;Yes;1;Yes;Yes;85;No;1575 - DS22/031;Yes;Yes;No;60;No;No;Yes;No;Gas;Yes;2020;Yes;20;At delivery;4;Yes;158;Good;2;29;1;;;;;;;;;;;;;;;;;
9933087;New real estate project - Apartments;9800;https://www.immoweb.be/en/classified/new-real-estate-project-apartments/for-sale/deinze/9800/9933087?searchId=6298cd78cd665;No;;;Rue Joseph Hazard 35;;4220 - 1087;;Zone Centre Province du Luxembourg;7.5 m;3;2;1;Living area (residential, urban or rural);60;15;Not installed;8;11;;Connected;No;2;10;No;;4747546;Rue Joseph Hazard 35;;Not specified;20220524-0002610032-RES-1;20220420022685;No;116 kg CO₂/m²;Not specified;Not specified;Not specified;Yes;Yes;58;Non flood zone;No;Yes;No;Non flood zone;1998;To renovate;Hyper equipped;11;13;14;Urban;17;20;Yes;Non flood zone;Depending on the tenant;15;Yes;24684 kWh/year;No;Walestraat;1;8;1;Yes;1;Yes;Yes;85;No;1575 - DS22/031;Yes;Yes;No;60;No;No;Yes;No;Gas;Yes;2020;Yes;20;At delivery;4;Yes;158;Good;2;29;1;Not specified;;;;;;;;;;;;;;;;
9922125;PARK SIDE;1070;https://www.immoweb.be/en/classified/new-real-estate-project-apartments/for-sale/anderlecht/1070/9922125?searchId=6298cd78cd665;No;No;;Rue Joseph Hazard 35;;4220 - 1087;;Zone Centre Province du Luxembourg;7.5 m;3;2;1;Living area (residential, urban or rural);60;15;Not installed;8;11;;Connected;No;2;10;;Brusselsesteenweg 690;;PR22005PRIW;June 1 2024 - 12:00 AM;30;20220524-0002610032-RES-1;20220420022685;No;116 kg CO₂/m²;Not specified;Not specified;Not specified;Yes;Yes;58;Non flood zone;A;Not specified;Not specified;Non flood zone;1998;To renovate;Hyper equipped;11;13;14;Urban;17;20;Yes;Non flood zone;Depending on the tenant;15;Yes;24684 kWh/year;No;Walestraat;1;8;1;Yes;1;Yes;Yes;85;No;1575 - DS22/031;Yes;Yes;No;60;No;No;Yes;No;Gas;Yes;2020;Yes;20;At delivery;4;Yes;158;Good;2;29;1;Not specified;;;;;;;;;;;;;;;;
9938039;Apartment;9000;https://www.immoweb.be/en/classified/apartment/for-sale/gent/9000/9938039?searchId=6298cd78cd665;No;No;;Not specified;No;;Rue Joseph Hazard 35;Zone Centre Province du Luxembourg;;1967;4;4;Living area (residential, urban or rural);To be done up;15;Urban;78;20;;Installed;No;2;10;2;1;1;No;Yes;778;F;2408357;No;1000 kg CO₂/m²;Not specified;Not specified;Not specified;Yes;Yes;Not specified;No;Gas;Yes;;;1998;To renovate;Hyper equipped;11;13;14;Urban;17;20;Yes;Non flood zone;Depending on the tenant;15;Yes;24684 kWh/year;No;Walestraat;1;8;1;Yes;1;Yes;Yes;85;No;1575 - DS22/031;Yes;Yes;No;60;No;No;Yes;No;Gas;Yes;2020;Yes;20;At delivery;4;Yes;158;Good;2;29;1;Not specified;;;;;;;;;;;;;;;;
9934000;Apartment;1200;https://www.immoweb.be/en/classified/apartment/for-sale/woluwe-saint-lambert/1200/9934000?searchId=6298cd78cd665;No;;;Sluizeken 16;;10293 -;After signing the deed;Zone Centre Province du Luxembourg;1;As new;1;1;Living area (residential, urban or rural);;49;13;10;1;10;1;1;No;8;Yes;Yes;Yes;Yes;No;258;F;E;No;20151102-0000311288-01-4;Not specified;Not specified;Not specified;Not specified;Yes;Electric;Yes;2129;Non flood zone;;;October 3 2022 - 12:00 AM;2001;Hyper equipped;11;13;14;Urban;17;20;Yes;Non flood zone;Depending on the tenant;USA hyper equipped;1;41 kg CO₂/m²;No;Walestraat;1;8;1;Yes;1;Yes;Yes;85;No;1575 - DS22/031;Yes;Yes;No;60;No;No;Yes;No;Gas;Yes;2020;Yes;20;6;4;Yes;158;Good;2;29;1;Not specified;;;;;;;;;;;;;;;;
9922616;THE ONE;8370;https://www.immoweb.be/en/classified/new-real-estate-project-apartments/for-sale/blankenberge/8370/9922616?searchId=6298cd78cd665;No;;;Sluizeken 16;;10293 -;After signing the deed;Zone Centre Province du Luxembourg;1;As new;1;1;Living area (residential, urban or rural);;49;13;10;1;10;1;1;No;8;No;;Yes;Avenue Louise 433;;4766187;F;E;No;20151102-0000311288-01-4;Not specified;Not specified;Not specified;Not specified;Yes;Electric;Yes;Not specified;Yes;No;;October 3 2022 - 12:00 AM;2001;Hyper equipped;11;13;14;Urban;17;20;Yes;Non flood zone;Depending on the tenant;USA hyper equipped;1;41 kg CO₂/m²;No;Walestraat;1;8;1;Yes;1;Yes;Yes;85;No;1575 - DS22/031;Yes;Yes;No;60;No;No;Yes;No;Gas;Not specified;2020;Yes;20;6;4;Yes;158;Good;2;29;1;Not specified;;;;;;;;;;;;;;;;
9938038;Apartment;9040;https://www.immoweb.be/en/classified/apartment/for-sale/sint-amandsberg/9040/9938038?searchId=6298cd78cd665;No;;;No;No;No;;Franchommelaan 82-86;1;;2010;1;2;Good;49;3;101;Installed;10;2;1;No;8;1;2;Yes;No;Yes;Yes;157;B;No;2367984;3 kg CO₂/m²;Not specified;No;Gas;Yes;Yes;Yes;No;Non flood zone;Living area (residential, urban or rural);;October 3 2022 - 12:00 AM;2001;Hyper equipped;11;13;14;Urban;38;20;Yes;Non flood zone;Depending on the tenant;USA hyper equipped;1;41 kg CO₂/m²;No;Walestraat;1;8;1;Yes;1;Yes;8;85;No;1575 - DS22/031;Yes;Yes;No;60;No;No;Yes;No;Gas;Not specified;2020;Yes;20;6;4;Yes;158;Good;2;29;1;Not specified;;;;;;;;;;;;;;;;
9939225;Apartment;1180;https://www.immoweb.be/en/classified/apartment/for-sale/uccle/1180/9939225?searchId=6298cd78cd665;;;No;;Sluizeken 16;;10292 - 20122978;Bruxelles;1960;5;Good;6.4 m;2;Urban;;31;5;2;10;11;1;No;No;Yes;Yes;Yes;Yes;Yes;No;157;322;No;F;3 kg CO₂/m²;20220507-0000611929-01-5;64 kg CO₂/m²;Gas;Gas;Yes;No;No;No;Mixed living area (accommodation & economic activities);;October 3 2022 - 12:00 AM;2001;78;11;13;14;Urban;38;20;Yes;Non flood zone;After signing the deed;Installed;1;41 kg CO₂/m²;No;Walestraat;1;8;1;Yes;1;Yes;8;85;No;1575 - DS22/031;Yes;Yes;No;1;No;No;Yes;No;Gas;Not specified;2020;Yes;20;4;4;Yes;158;Good;2;29;1;Not specified;;;;;;;;;;;;;;;;
9936411;Antwerpen -  The Mark;2018;https://www.immoweb.be/en/classified/new-real-estate-project-apartments/for-sale/antwerp/2018/9936411?searchId=6298cd78cd665;;;No;;Sluizeken 16;;10292 - 20122978;Bruxelles;1960;5;Good;6.4 m;2;Urban;;31;5;2;10;11;1;No;No;Place Communale 8;;Yes;4769077;At delivery;1;157;322;No;F;1;20220507-0000611929-01-5;Not specified;Not specified;Gas;Yes;No;Not specified;Not specified;Not specified;Yes;No;;78;11;13;14;Urban;38;20;Yes;Non flood zone;After signing the deed;Installed;1;41 kg CO₂/m²;No;Walestraat;1;8;1;Yes;1;Yes;8;85;No;1575 - DS22/031;Yes;Yes;No;1;No;No;Yes;No;Gas;Not specified;2020;Yes;20;4;4;Yes;158;Good;2;29;1;Not specified;;;;;;;;;;;;;;;;
9859129;Penthouse;1060;https://www.immoweb.be/en/classified/penthouse/for-sale/saint-gilles/1060/9859129?searchId=6298cd78cd665;No;;Non flood zone;No;;Antoon Catriestraat  8a;;4782733;To be defined;Bruxelles (19 communes);Good;5;2;5;As new;2;66;Yes;USA hyper equipped;11;1;No;No;1;1;1;1;1;No;157;20;No;F;1;20220507-0000611929-01-5;Not specified;Not specified;Gas;1171;G;Not specified;235 kg CO₂/m²;Not specified;Gas;No;;78;11;13;14;Urban;38;20;Yes;Non flood zone;After signing the deed;Urban;1;41 kg CO₂/m²;No;Walestraat;1924;8;1;Yes;1;Yes;8;85;No;1575 - DS22/031;Yes;Yes;No;1;No;No;Yes;No;Gas;Not specified;2020;Yes;20;4;4;Yes;158;Good;2;29;1;Not specified;;;;;;;;;;;;;;;;
9922644;PARK LANE;1000;https://www.immoweb.be/en/classified/new-real-estate-project-apartments/for-sale/bruxelles/1000/9922644?searchId=6298cd78cd665;;;Non flood zone;No;;Antoon Catriestraat  8a;;4782733;To be defined;Bruxelles (19 communes);Good;5;2;5;As new;2;66;Yes;USA hyper equipped;11;1;No;No;;No;;Avenue Louis Lepoutre 109;;4730646;157;20;No;F;1;20220507-0000611929-01-5;Not specified;Not specified;Gas;1171;G;After signing the deed;75;B;Gas;No;;78;11;13;14;Urban;38;20;Yes;Non flood zone;After signing the deed;Urban;1;41 kg CO₂/m²;No;Walestraat;1924;8;1;Yes;1;Yes;8;85;No;1575 - DS22/031;Yes;Yes;No;1;No;No;Yes;No;Gas;Not specified;2020;Yes;20;4;4;Yes;158;Good;2;29;1;Not specified;;;;;;;;;;;;;;;;
9938709;Apartment;1200;https://www.immoweb.be/en/classified/apartment/for-sale/woluwe-saint-lambert/1200/9938709?searchId=6298cd78cd665;Not specified;Not specified;Not specified;No;;Rue Joseph Hazard 35;;After signing the deed;July 1 2022 - 12:00 AM;2008;5;As new;2;Living area (residential, urban or rural);;34;USA hyper equipped;2;11;2;2;No;No;Yes;17;Yes;Yes;Yes;Yes;157;No;No;156;1;20220507-0000611929-01-5;Not specified;Not specified;Gas;D;31 kg CO₂/m²;Not specified;Gas;Yes;;No;;109;11;13;14;6;7;Yes;Yes;Not specified;After signing the deed;Yes;2;41 kg CO₂/m²;No;Walestraat;1924;8;1;Yes;1;Yes;8;85;No;1575 - DS22/031;Yes;Yes;No;1;No;No;Yes;No;Gas;Not specified;2020;Yes;20;1 - Bruxelles Est;4;Yes;158;Good;2;29;1;Not specified;;;;;;;;;;;;;;;;
9939243;House;1325;https://www.immoweb.be/en/classified/house/for-sale/chaumont-gistoux/1325/9939243?searchId=6298cd78cd665;;;Not specified;No;;Rue Joseph Hazard 35;;;October 1 2022 - 12:00 AM;As new;17 m;2;2;3;Living area (residential, urban or rural);2;4;12;Yes;2;2;No;No;2785;;Yes;2785;South;100;Yes;274;No;D;1;20220507-0000611929-01-5;Not specified;Not specified;Gas;20220525019713;Not specified;88792 kWh/year;No;Electric;Yes;4746741;After signing the deed;;358;37;17;6;16;Yes;Yes;Not specified;Avenue Baron Albert d'Huart 130;Installed;2;41 kg CO₂/m²;No;Walestraat;1924;8;1;Yes;1;4;8;85;No;1575 - DS22/031;Yes;Yes;No;1;No;No;Yes;No;Gas;Not specified;2020;Yes;2;1989;60;Yes;55;4;2;29;1;Not specified;;;;;;;;;;;;;;;;
9938906;Villa;9551;https://www.immoweb.be/en/classified/villa/for-sale/herzele/9551/9938906?searchId=6298cd78cd665;;;No;;;Rue Joseph Hazard 35;Chaussee de Charleroi 59 B;154 - 93363906;Oost-Vlaanderen;2013;As new;18 m;4;1;6;39;6;18;No;Yes;1154;Yes;700;40;No;No;Yes;Yes;Yes;Yes;93;A;20220306-0002557739-RES-1;Not specified;Not specified;No;Yes;Yes;Yes;Yes;No;No;Non flood zone;Living area (residential, urban or rural);After signing the deed;August 1 2022 - 12:00 AM;Isolated;430;37;17;6;16;Yes;Yes;Not specified;;Installed;2;41 kg CO₂/m²;No;Walestraat;1924;8;1;Yes;15;3;8;;No;1575 - DS22/031;Yes;Yes;No;Connected;3;No;Yes;No;Gas;Gas;2020;Yes;14;1989;45;25;Yes;4;2;29;1;Not specified;Hyper equipped;;;;;;;;;;;;;;;
9944788;Villa;1330;https://www.immoweb.be/en/classified/villa/for-sale/rixensart/1330/9944788;;;No;;;Rue Joseph Hazard 35;No;;Oost-Vlaanderen;4783895;As new;As new;4;4;6;8;6;8;No;Yes;1154;Yes;700;Yes;No;207;Yes;Yes;Yes;Yes;Yes;A;A;Not specified;Not specified;No;Yes;Yes;20210225022194;12 kg CO₂/m²;Not specified;Gas;Yes;Living area (residential, urban or rural);Sint-Denijslaan 1;;Isolated;430;37;Yes;2009;Hyper equipped;Yes;Yes;Not specified;;Installed;2;41 kg CO₂/m²;No;Walestraat;After signing the deed;6;850;Yes;Yes;6;Yes;Yes;68;1575 - DS22/031;Yes;Yes;No;Connected;3;No;Yes;No;Gas;Gas;2020;Yes;14;1989;45;25;Yes;4;2;29;1;Not specified;Hyper equipped;;;;;;;;;;;;;;;
9944787;Apartment;8630;https://www.immoweb.be/en/classified/apartment/for-sale/veurne/8630/9944787;Yes;;No;;No;;Avenue Capouillet 58 A;;;At delivery;As new;1;4;4;6;As new;93;Yes;Installed;1;1154;1;700;Yes;No;207;11;South East;Yes;Yes;Yes;A;Not specified;Not specified;Not specified;No;Yes;Yes;Not specified;12 kg CO₂/m²;Not specified;Not specified;Gas;Living area (residential, urban or rural);Sint-Denijslaan 1;;Isolated;430;37;Yes;2022;Hyper equipped;Yes;Yes;Not specified;;Living area (residential, urban or rural);2;41 kg CO₂/m²;No;Walestraat;Vue;6;Yes;Yes;Yes;6;Yes;Yes;68;;2;1;Yes;Connected;3;No;Yes;No;Gas;Gas;2020;Yes;14;1989;45;25;Yes;4;2;29;1;Not specified;Hyper equipped;;;;;;;;;;;;;;;
9944778;House;7340;https://www.immoweb.be/en/classified/house/for-sale/colfontaine/7340/9944778;Yes;;No;;No;;Yes;Yes;;Yes;As new;1;;No;6;;93;Foreestelaan 86/201;3;1;No;1;2;No;No;No;No;Yes;No;Yes;No;20220518011865;90253 kWh/year;Not specified;397;Gas;No;No;No;Yes;No;No;No;Living area (residential, urban or rural);Sint-Denijslaan 1;;Isolated;430;37;Yes;2022;Hyper equipped;Yes;Yes;Not specified;;Living area (residential, urban or rural);2;41 kg CO₂/m²;No;Walestraat;Vue;6;Yes;Yes;3;12;Yes;No;E;;2;1;Not specified;220;150;Connected;Yes;No;397;No;2020;Yes;14;1989;45;25;Yes;4;2;29;1;Not specified;Hyper equipped;;;;;;;;;;;;;;;
9944777;House;9500;https://www.immoweb.be/en/classified/house/for-sale/overboelare/9500/9944777;Non flood zone;;No;Another type of area;No;;;No;;;After signing the deed;1969;Good;10 m;4;5;95;Installed;1;1;No;1;2;1;Yes;No;2020;Yes;Yes;North;30;20220518011865;340;D;20220526-0002611765-RES-1;Not specified;No;Fuel oil;Yes;Yes;No;No;No;Non flood zone;;Rue Grande 92;3;430;37;Yes;2022;35;Yes;Yes;Not specified;;Living area (residential, urban or rural);2;41 kg CO₂/m²;No;Walestraat;Vue;6;Yes;Yes;8;2;Yes;No;E;;2;1;Not specified;220;150;Connected;Yes;No;397;Not specified;14;14;14;1989;45;25;Yes;4;2;29;1;Not specified;Hyper equipped;;;;;;;;;;;;;;;
9944776;Mixed-use building;9500;https://www.immoweb.be/en/classified/mixed-use-building/for-sale/overboelare/9500/9944776;Living area (residential, urban or rural);;No;;No;;;;;1621 - DS22/031;After signing the deed;1969;Good;10 m;4;5;95;Installed;1;1;No;1;2;1;Yes;No;2020;Yes;Yes;North;30;20220518011865;340;D;20220526-0002611765-RES-1;Not specified;No;Fuel oil;Yes;Yes;No;No;No;Non flood zone;Geraardsbergenstraat 13A;;3;430;37;Yes;2022;35;Yes;Yes;Not specified;No;Living area (residential, urban or rural);2;41 kg CO₂/m²;No;Walestraat;Vue;6;Yes;Yes;8;2;Yes;No;E;;2;1;Not specified;220;150;Connected;Yes;No;397;Not specified;14;14;14;1989;45;25;Yes;4;2;29;1;Not specified;Hyper equipped;;;;;;;;;;;;;;;
9944775;House;2840;https://www.immoweb.be/en/classified/house/for-sale/rumst/2840/9944775;Living area (residential, urban or rural);;No;;No;;;Yes;;;After signing the deed;Geraardsbergenstraat 13A;Good;;4;1620 - DS22/031;After signing the deed;2;1;1;No;1;2;Yes;No;198;;Yes;Yes;North West;235;20220518011865;C;D;20220526-0002611765-RES-1;2022052700026111791-RES1;1000 kg CO₂/m²;Fuel oil;Not specified;No;78;Gas;No;Yes;Geraardsbergenstraat 13A;;3;430;37;1951;2022;6 m;Yes;Yes;Not specified;;Living area (residential, urban or rural);2;41 kg CO₂/m²;No;Walestraat;Vue;6;Yes;Yes;156;4;Yes;No;E;;2;1;Not specified;220;150;Connected;Yes;Yes;397;Not specified;2;3;Installed;1989;45;25;Yes;4;2;29;1;Not specified;Hyper equipped;;;;;;;;;;;;;;;
9944774;Bungalow;9500;https://www.immoweb.be/en/classified/bungalow/for-sale/overboelare/9500/9944774;No;;No;Non flood zone;No;;;No;;118 - 93363902;After signing the deed;1969;Good;10 m;4;5;95;Installed;1;1;No;1;2;1;Yes;No;2020;Yes;Yes;North;30;20220518011865;340;D;20220526-0002611765-RES-1;Not specified;No;Fuel oil;Yes;Yes;No;No;No;Non flood zone;;Lusthovenlaan 39;3;430;37;1951;2022;35;Yes;Yes;Not specified;;Living area (residential, urban or rural);2;41 kg CO₂/m²;No;Walestraat;Vue;6;Yes;Yes;8;2;Yes;No;E;;2;1;Not specified;220;150;Connected;Yes;Yes;397;Not specified;14;14;Installed;1989;45;25;Yes;4;2;29;1;Not specified;Hyper equipped;;;;;;;;;;;;;;;
9944765;Apartment;9120;https://www.immoweb.be/en/classified/apartment/for-sale/beveren-waas/9120/9944765;Living area (residential, urban or rural);;No;Non flood zone;;;No;;;1575 - DS22/031;After signing the deed;Parkresidentie Gulden Vlies;Good;3;As new;1;Living area (residential, urban or rural);Installed;1;2;No;15;2;10;1;1;Yes;Yes;South West;Yes;Yes;20220518011865;210;C;20220602-0002615895-RES-1;Not specified;No;Electric;Yes;Yes;No;No;No;Non flood zone;Geraardsbergenstraat 13A;Lusthovenlaan 39;2;430;37;1951;2022;35;Yes;Yes;Not specified;;Living area (residential, urban or rural);2;41 kg CO₂/m²;No;Non flood zone;Vue;6;108;Yes;8;2;45;No;E;;Installed;1;Not specified;220;150;Connected;Yes;Yes;397;Not specified;14;14;Installed;1989;45;25;Yes;4;2;29;1;Not specified;Hyper equipped;;;;;;;;;;;;;;;
9933565;Hougoumont 23;1180;https://www.immoweb.be/en/classified/new-real-estate-project-apartments/for-sale/uccle/1180/9933565?searchId=6298cd7fe13ca;Living area (residential, urban or rural);;No;Non flood zone;;;No;;;1575 - DS22/031;After signing the deed;Parkresidentie Gulden Vlies;Good;3;As new;1;Living area (residential, urban or rural);Installed;1;2;No;15;2;No;;Walestraat;;Marcel Vastgoed;After signing the deed;Yes;Yes;20220518011865;210;C;20220602-0002615895-RES-1;Not specified;1;Electric;Yes;Yes;3;Not specified;Not specified;Not specified;;;2;430;37;1951;2022;35;Yes;Yes;Not specified;;Living area (residential, urban or rural);2;41 kg CO₂/m²;No;Non flood zone;Vue;6;108;Yes;8;2;45;No;E;;Installed;1;Not specified;220;150;Connected;Yes;Yes;397;Not specified;14;14;Installed;1989;45;25;Yes;4;2;29;1;Not specified;Hyper equipped;;;;;;;;;;;;;;;
9896009;Rue Lableau;7912;https://www.immoweb.be/en/classified/new-real-estate-project-houses/for-sale/saint-sauveur/7912/9896009?searchId=6298cd7fe13ca;Living area (residential, urban or rural);;No;Non flood zone;;;No;;;1575 - DS22/031;After signing the deed;Parkresidentie Gulden Vlies;Good;3;As new;1;Living area (residential, urban or rural);Installed;1;2;No;15;2;Not specified;Not specified;Walestraat;Non flood zone;No;;Yes;Yes;20220518011865;210;C;20220602-0002615895-RES-1;Not specified;1;Electric;Yes;Yes;Avenue Louise 251;;4772459;Not specified;;;2;430;37;1951;2022;35;Yes;Yes;Not specified;;Living area (residential, urban or rural);2;41 kg CO₂/m²;No;Non flood zone;Vue;6;108;Yes;8;2;45;No;E;;Installed;1;Not specified;220;150;Connected;Yes;Yes;397;Not specified;14;14;Installed;1989;45;25;Yes;4;2;29;1;Not specified;Hyper equipped;;;;;;;;;;;;;;;
9936766;House;4218;https://www.immoweb.be/en/classified/house/for-sale/couthuin/4218/9936766?searchId=6298cd7fe13ca;Not specified;;No;Not specified;;;Not specified;Not specified;;;After signing the deed;As new;10 m;3;4;24;Yes;24;15;2;No;15;2;Yes;15;38;26;No;1458;Yes;No;1100;210;35;315;Not specified;1;D;20180708003002;76 kg CO₂/m²;57522 kWh/year;Fuel oil;Yes;Yes;;No;Countryside;;USA hyper equipped;23;1934;35;Yes;Yes;Not specified;Not specified;Living area (residential, urban or rural);2;41 kg CO₂/m²;No;Non flood zone;Vue;6;108;Yes;14;1;45;No;E;;Installed;1;Not specified;220;150;Connected;Yes;Yes;397;Not specified;14;14;Installed;Porte d'Ogy 78;180;25;2;4;4;11;15;Not specified;Hyper equipped;;;;;;;;;;;;;;;
9935326;"""Park Lane""";1000;https://www.immoweb.be/en/classified/new-real-estate-project-apartments/for-sale/brussels-city/1000/9935326?searchId=6298cd7fe13ca;No;Living area (residential, urban or rural);No;Not specified;;;Not specified;Not specified;;;After signing the deed;As new;10 m;3;4;24;Yes;24;15;2;No;15;2;;Chaussée Napoléon 3;;4773268;After signing the deed;March 31 2022 - 12:00 AM;Yes;No;1100;210;35;315;Not specified;1;D;20180708003002;76 kg CO₂/m²;1;;30;A;;;Countryside;;USA hyper equipped;23;1934;35;Yes;Yes;Not specified;Not specified;Living area (residential, urban or rural);2;41 kg CO₂/m²;No;Non flood zone;Vue;6;108;Yes;14;1;45;No;E;;Installed;1;Not specified;220;150;Connected;Yes;Yes;397;Not specified;14;14;Installed;No;180;25;2;4;4;11;15;Not specified;Hyper equipped;;;;;;;;;;;;;;;
9880789;Villa;1450;https://www.immoweb.be/en/classified/villa/for-sale/saint-gery-(chastre)/1450/9880789?searchId=6298cd7fe13ca;1;Living area (residential, urban or rural);5 kg CO₂/m²;Not specified;;;Non flood zone;;4782074;Brabant Wallon;1985;Good;28 m;4;1;210;Semi equipped;16;Yes;12;No;15;;Connected;No;2180;105;No;No;Yes;Yes;Yes;Yes;356;20220401004714;88 kg CO₂/m²;Electric;Yes;Yes;Yes;185;Yes;No;No;Boulevard de la Woluwe 62 boîte 3;;7;Isolated;26;4;1934;35;Yes;Yes;Not specified;No;25;2;E;No;Non flood zone;Vue;6;108;Yes;20;3;45;Yes;E;;Installed;1;Not specified;2364;2;Connected;Yes;Yes;397;93262 kWh/year;14;14;2;After signing the deed;;25;20;4;4;11;18;Not specified;Hyper equipped;;;;;;;;;;;;;;;
9930647;Apartment;9040;https://www.immoweb.be/en/classified/apartment/for-sale/sint-amandsberg/9040/9930647?searchId=6298cd7fe13ca;1;Living area (residential, urban or rural);5 kg CO₂/m²;Living area (residential, urban or rural);;;No;;4782074;;Avenue Fond Jean Rosy 17A;;4706657;Petershof;2011;2;As new;16;18;1;1;Yes;East;4;No;Yes;No;Yes;No;Yes;Yes;Yes;Yes;No;20220401004714;B;Not specified;Not specified;Gas;Yes;Yes;No;No;No;Boulevard de la Woluwe 62 boîte 3;;7;Isolated;92;26;1934;35;Yes;No;Not specified;No;25;6;E;No;Non flood zone;Vue;2;108;Yes;20;3;45;Yes;E;Non flood zone;Installed;1;Not specified;Yes;2;Connected;Yes;Yes;397;20220124-0002531831-RES-1;14;1;2;After signing the deed;;25;20;4;4;11;18;141;Hyper equipped;;;;;;;;;;;;;;;
9930648;Apartment;9041;https://www.immoweb.be/en/classified/apartment/for-sale/oostakker/9041/9930648?searchId=6298cd7fe13ca;1;Living area (residential, urban or rural);5 kg CO₂/m²;Living area (residential, urban or rural);;;No;;4782074;;Brusselsesteenweg 690;;VK22006 IWS;Petershof;2011;2;As new;16;18;1;1;Yes;East;4;No;Yes;No;Yes;No;Yes;Yes;Yes;Yes;No;20220401004714;B;Not specified;Not specified;Gas;Yes;Yes;No;No;No;Boulevard de la Woluwe 62 boîte 3;;7;Isolated;92;26;1934;35;Yes;No;Not specified;No;25;6;E;No;Non flood zone;Vue;2;108;Yes;20;3;45;Yes;E;Non flood zone;Installed;1;Not specified;Yes;2;Connected;Yes;Yes;397;20220124-0002531831-RES-1;14;1;2;After signing the deed;;25;20;4;4;11;18;141;Hyper equipped;;;;;;;;;;;;;;;
9922657;MIDDLE WAY;1130;https://www.immoweb.be/en/classified/new-real-estate-project-apartments/for-sale/haren-(bru.)/1130/9922657?searchId=6298cd7fe13ca;Non flood zone;Living area (residential, urban or rural);5 kg CO₂/m²;Living area (residential, urban or rural);;;No;;4782074;;Brusselsesteenweg 690;;VK22006 IWS;Petershof;2011;2;As new;16;18;1;1;Yes;East;Living area (residential, urban or rural);;;No;;Brusselsesteenweg 690;Yes;Yes;Yes;Yes;;VK22006 IWO;B;Not specified;Not specified;Gas;Yes;After signing the deed;80;B;No;Boulevard de la Woluwe 62 boîte 3;;7;Isolated;92;26;1934;35;Yes;No;Not specified;No;25;6;E;No;Non flood zone;Vue;2;108;Yes;20;3;45;Yes;E;Non flood zone;Installed;1;Not specified;Yes;2;Connected;Yes;Yes;397;20220124-0002531831-RES-1;14;1;2;After signing the deed;;25;20;4;4;11;18;141;Hyper equipped;;;;;;;;;;;;;;;
9937655;Apartment;9890;https://www.immoweb.be/en/classified/apartment/for-sale/gavere/9890/9937655?searchId=6298cd7fe13ca;Not specified;15 kg CO₂/m²;Not specified;Yes;Yes;No;;Rue Joseph Hazard 35;November 1 2023 - 12:00 AM;Gent en omstreken;2021;3;3;As new;4;1;1;Urban;76;19;1;Hyper equipped;7;1;14;;1;1;No;11;Yes;No;Not specified;Not specified;Not specified;Not specified;Not specified;No;30;Gas;Yes;Yes;Yes;No;;At delivery;7;Isolated;92;26;1934;35;Yes;No;Not specified;No;25;6;E;No;Non flood zone;Vue;2;108;Yes;20;3;45;Yes;E;Non flood zone;Installed;1;Not specified;Yes;2;Connected;Yes;Yes;397;20220124-0002531831-RES-1;14;1;2;After signing the deed;;25;20;4;4;11;18;141;Hyper equipped;;;;;;;;;;;;;;;
9944287;House;4570;https://www.immoweb.be/en/classified/house/for-sale/marchin/4570/9944287?searchId=6298cd7fe13ca;Not specified;No;Not specified;Non flood zone;Yes;No;Living area (residential, urban or rural);;November 1 2023 - 12:00 AM;No;;Sint-Denijslaan 1;3;;4;4783814;June 1 2023 - 12:00 AM;To be done up;76;19;1;Hyper equipped;7;3;2;2;Yes;No;607;Yes;Yes;No;South;Not specified;Not specified;Not specified;Not specified;No;Yes;326;D;20220601018183;Not specified;58648 kWh/year;;At delivery;7;Isolated;92;26;1934;1880;Yes;No;Not specified;No;25;6;E;No;Non flood zone;Vue;2;108;Yes;3;1;Semi equipped;Yes;E;Non flood zone;Installed;1;Not specified;Yes;2;Connected;Yes;Yes;397;20220124-0002531831-RES-1;130;30;2;After signing the deed;;25;20;4;4;11;18;141;Hyper equipped;;;;;;;;;;;;;;;
9930786;Apartment;1020;https://www.immoweb.be/en/classified/apartment/for-sale/laeken/1020/9930786?searchId=6298cd7fe13ca;No;Fuel oil;Yes;;;No;;;15536 - 111114547;After signing the deed;July 1 2022 - 12:00 AM;bruxelles;1913;2;3;8 m;Urban;18;76;USA hyper equipped;17;15;11;1;1;1;Yes;No;No;Yes;No;No;Yes;Not specified;Not specified;No;C;Not specified;23 kg CO₂/m²;326;Not specified;Gas;Yes;600;;At delivery;Just renovated;Isolated;92;26;1934;80;Yes;No;Not specified;Rue des Brasseurs (Grand' Place), 1;2;2;Yes;No;Non flood zone;Vue;2;108;Yes;3;1;Semi equipped;Yes;E;Non flood zone;Installed;1;Not specified;Yes;2;Connected;Yes;Yes;397;118;130;30;2;After signing the deed;;25;20;4;4;11;18;141;Hyper equipped;;;;;;;;;;;;;;;
9941643;Apartment;1040;https://www.immoweb.be/en/classified/apartment/for-sale/etterbeek/1040/9941643?searchId=6298cd7fe13ca;No;Fuel oil;Non flood zone;Living area (residential, urban or rural);;No;;;4772306;After signing the deed;FARNESE ET MUSCADET;bruxelles;1965;5;6;2;Urban;40;76;10;17;14;11;13;Yes;1;2;Yes;No;Yes;Yes;No;Yes;Yes;162;D;C;32 kg CO₂/m²;Not specified;Yes;Yes;Yes;Yes;600;;At delivery;Good;Isolated;92;26;PLACE MERODE - MONTGOMERY;105;Yes;No;Gas;Avenue Louise 231;2;2;Yes;No;No;Vue;10 m;108;Yes;3;1;Semi equipped;Yes;E;No;Installed;1;Yes;2;2;Connected;Yes;Yes;397;202205180000612871;130;30;2;After signing the deed;;25;20;4;4;11;18;141;Hyper equipped;;;;;;;;;;;;;;;
9942472;Duplex;1180;https://www.immoweb.be/en/classified/duplex/for-sale/uccle/1180/9942472?searchId=6298cd7fe13ca;No;Fuel oil;No;Residential area with cultural historical aesthetic value;;;;;Avenue René Gobert 26;Cédric Mathonnet;After signing the deed;1927;3;4;Just renovated;6 m;Living area (residential, urban or rural);Yes;76;10;17;20;11;1;1;1;Yes;3;No;Yes;Yes;No;Yes;Yes;162;D;C;32 kg CO₂/m²;224;Yes;E;Not specified;45 kg CO₂/m²;600;;At delivery;Good;Isolated;92;26;Molière;105;Yes;No;Gas;No;2;10;Yes;No;Not specified;Vue;10 m;90;Yes;3;1;Semi equipped;Yes;E;No;Installed;1;Yes;1;2;Connected;Yes;Yes;397;Yes;130;30;2;After signing the deed;;25;20;4;4;27;18;141;Hyper equipped;;;;;;;;;;;;;;;
9942515;Apartment;1180;https://www.immoweb.be/en/classified/apartment/for-sale/uccle/1180/9942515?searchId=6298cd7fe13ca;Gas;Fuel oil;Yes;Yes;No;;No;Avenue Louise 231;;Leplat;After signing the deed;1927;1;4;Just renovated;2;115;USA hyper equipped;76;10;17;16;11;2;1;2;Yes;3;No;Yes;Yes;No;Yes;Yes;162;D;C;32 kg CO₂/m²;198;Yes;D;Not specified;39 kg CO₂/m²;600;;At delivery;6 m;Isolated;92;26;Molière;105;Yes;No;Gas;;Living area (residential, urban or rural);2;Yes;No;Not specified;Vue;10 m;25;Yes;3;1;Semi equipped;Yes;E;No;Installed;1;Yes;17;2;Connected;Yes;Yes;397;Yes;130;30;2;After signing the deed;;25;20;4;4;Yes;18;141;Hyper equipped;;;;;;;;;;;;;;;
9931830;New real estate project - Apartments;9200;https://www.immoweb.be/en/classified/new-real-estate-project-apartments/for-sale/dendermonde/9200/9931830?searchId=6298cd7fe13ca;Gas;Fuel oil;Yes;Yes;No;;No;Avenue Louise 231;;Leplat;After signing the deed;1927;1;4;Just renovated;2;115;USA hyper equipped;76;10;17;16;11;Yes;Yes;2;No;;No;Yes;Yes;No;Yes;Yes;162;D;C;32 kg CO₂/m²;198;Yes;;Avenue Louise 231;;600;;At delivery;6 m;Isolated;92;26;Molière;105;Yes;No;Gas;;Living area (residential, urban or rural);2;Yes;No;Not specified;Vue;10 m;25;Yes;3;1;Semi equipped;Yes;E;No;Installed;1;Yes;17;2;Connected;Yes;Yes;397;Yes;130;30;2;After signing the deed;;25;20;4;4;Yes;18;141;Hyper equipped;;;;;;;;;;;;;;;
9918592;Residentie Zuidkwartier - Appartementen;2800;https://www.immoweb.be/en/classified/new-real-estate-project-apartments/for-sale/mechelen/2800/9918592?searchId=6298cd7fe13ca;leplat;Fuel oil;Yes;Yes;No;;No;Avenue Louise 231;;Leplat;After signing the deed;1927;1;4;Just renovated;2;115;USA hyper equipped;76;10;17;16;11;To be defined;Not specified;2;Not specified;Not specified;Not specified;Yes;Yes;No;Yes;Not specified;No;;C;32 kg CO₂/m²;198;Yes;;At delivery;Not specified;600;;At delivery;6 m;Isolated;92;26;Molière;105;Yes;No;Gas;;Living area (residential, urban or rural);2;Yes;No;Not specified;Vue;10 m;25;Yes;3;1;Semi equipped;Yes;E;No;Installed;1;Yes;17;2;Connected;Yes;Yes;397;Kapelanielaan 9c;130;30;2;After signing the deed;;25;20;4;4;Yes;18;141;Hyper equipped;;;;;;;;;;;;;;;
9932544;Duplex;1060;https://www.immoweb.be/en/classified/duplex/for-sale/uccle/1060/9932544?searchId=6298cd7fe13ca;Not specified;Fuel oil;Yes;Not specified;Not specified;Not specified;Yes;No;No;No;;Korenmarkt 55;1;;After signing the deed;2;2;4.5 m;76;10;17;16;11;Living area (residential, urban or rural);78;15;Installed;2;14;Yes;10;No;2;Not specified;No;;C;32 kg CO₂/m²;2;Yes;No;Yes;430;600;;At delivery;1940;Isolated;92;26;Molière;105;Yes;No;Gas;Yes;Living area (residential, urban or rural);2;Yes;No;G;Vue;10 m;As new;Yes;3;1;Semi equipped;Yes;E;No;Installed;1;Yes;17;2;Connected;Yes;Yes;397;Kapelanielaan 9c;130;30;2;After signing the deed;;25;20;4;4;Yes;18;141;Hyper equipped;;;;;;;;;;;;;;;
9933270;"""Rose en Vert""";1180;https://www.immoweb.be/en/classified/new-real-estate-project-apartments/for-sale/uccle/1180/9933270?searchId=6298cd7fe13ca;20220518-0000612887-01-1;86 kg CO₂/m²;Not specified;Not specified;Not specified;Not specified;Yes;No;No;No;;Korenmarkt 55;1;;After signing the deed;2;2;4.5 m;76;10;17;16;11;Yes;;;No;;Rue Xavier De Bue 1;Yes;10;No;2;Not specified;No;;;32 kg CO₂/m²;2;Yes;Maitre Jeremy;After signing the deed;May 31 2022 - 12:00 AM;1 - Bruxelles Sud;Gas;At delivery;1940;Isolated;92;26;Molière;105;Yes;No;Gas;Yes;Living area (residential, urban or rural);2;Yes;No;G;Vue;10 m;As new;Yes;3;1;Semi equipped;Yes;E;No;Installed;1;Yes;17;2;Connected;Yes;Yes;397;Kapelanielaan 9c;130;30;2;After signing the deed;;25;20;4;4;Yes;18;141;Hyper equipped;;;;;;;;;;;;;;;
9935270;Villa;1570;https://www.immoweb.be/en/classified/villa/for-sale/gammerages/1570/9935270?searchId=6298cd7fe13ca;3;86 kg CO₂/m²;Not specified;60;Not specified;Not specified;B;Not specified;No;No;;;4766261;After signing the deed;1989;2;404;12;No;Yes;1000;Connected;52;No;No;No;Yes;No;No;Yes;No;No;262;Not specified;No;;20180828-0002085595-1;32 kg CO₂/m²;92885 kg CO₂/m²;Not specified;Yes, conform;After signing the deed;May 31 2022 - 12:00 AM;1 - Bruxelles Sud;Not specified;Non flood zone;As new;12 m;92;Yes;Boulevard de la Woluwe 62 boîte 3;105;No;No;Gas;Not specified;2;No;Yes;No;G;Vue;4;55;Hyper equipped;No;148;Semi equipped;No;No;No;Installed;Yes;Yes;;No;No;1000;Yes;No;Kapelanielaan 9c;130;30;No;After signing the deed;;25;36;4;4;16;3;141;Hyper equipped;1;1;2;Yes;No;Yes;C;;;;;;;;
9935486;House;1000;https://www.immoweb.be/en/classified/house/for-sale/bruxelles/1000/9935486?searchId=6298cd7fe13ca;Fuel oil;86 kg CO₂/m²;No;No;Not specified;Not specified;Yes;Yes;All kind;;;No;;Immediately;Bruxelles-Est;Urban;;13;8;36;4;Connected;No;Yes;102;;Connected;No;25;6;No;No;No;Not specified;Yes;No;113;C;C+;24 kg CO₂/m²;Not specified;Yes, conform;Gas;Yes;Not specified;Non flood zone;1930;Good;92;Yes;Boulevard de la Woluwe 62 boîte 3;105;No;No;Gas;No;2;3;Yes;No;G;Vue;4;55;Hyper equipped;10;15;Semi equipped;No;No;No;Installed;Yes;Yes;4;13;No;1000;Yes;No;Kapelanielaan 9c;130;30;5;Non flood zone;5 m;25;7;4;4;240;3;141;2;1;1;2;Yes;No;Yes;C;;;;;;;;
9941095;Town-house;4100;https://www.immoweb.be/en/classified/town-house/for-sale/seraing/4100/9941095?searchId=6298cd7fe13ca;77;86 kg CO₂/m²;No;No;Not specified;Not specified;No;Living area (residential, urban or rural);No;;Place Communale 8;4782469;To be defined;1952;To be done up;2;140;Yes;10;1;1;Connected;Yes;No;Yes;276;;Connected;Yes;6;165;No;20;Not specified;Yes;No;No;C;C+;24 kg CO₂/m²;Yes;70;Non flood zone;No;;;7 m;2;92;Yes;;18;No;No;Gas;Non flood zone;Isolated;3;No;No;G;Vue;4;55;Hyper equipped;10;13;Semi equipped;No;No;No;Installed;Yes;Yes;2;16;No;1000;Yes;No;Kapelanielaan 9c;130;30;4;Non flood zone;1;25;12;4;4;240;3;141;2;1;1;2;Yes;No;Yes;C;No;388;E;20220531027042;71 kg CO₂/m²;69756 kWh/year;Gas;Yes
9941765;House;4540;https://www.immoweb.be/en/classified/house/for-sale/amay/4540/9941765?searchId=6298cd7fe13ca;;86 kg CO₂/m²;No;;Not specified;Not specified;Yes;No;No;1;Place Communale 8;75;To be defined;180 months, 15 years;To be done up;;Grand rue 191;4771746;10;1;1;Connected;Yes;To be done up;2;2;100;Semi equipped;2;1;Yes;No;No;Not specified;Yes;No;No;C;142;Yes;479;F;20220324006166;88 kg CO₂/m²;No;;7 m;2;92;Yes;;;No;No;Gas;Non flood zone;Isolated;3;No;No;G;Vue;4;55;Hyper equipped;After signing the deed;1968;Semi equipped;No;No;No;Installed;Yes;Yes;2;16;No;1000;1;No;Kapelanielaan 9c;130;30;4;Non flood zone;1;25;12;4;4;240;3;141;2;1;1;2;Yes;No;Yes;C;No;388;E;20220531027042;71 kg CO₂/m²;69756 kWh/year;Gas;Yes
9942668;House;8780;https://www.immoweb.be/en/classified/house/for-sale/oostrozebeke/8780/9942668?searchId=6298cd7fe13ca;58547 kWh/year;86 kg CO₂/m²;No;No;Not specified;Not specified;58547;Gas;No;;No;;Rue des Brasseurs (Grand' Place), 1;;15575 - 111114564;3;1;240;4;1;1;Connected;Yes;24;21;17;15;1;2;26;No;No;351;Yes;Yes;No;No;C;100;20;343;D;20210710-0002439755-RES-1;Not specified;Yes;;After signing the deed;1959;92;Yes;;;No;No;Gas;Non flood zone;Isolated;3;No;No;G;Vue;4;55;Hyper equipped;52;Installed;Semi equipped;No;No;No;Installed;Yes;Yes;2;16;No;1000;1;No;Kapelanielaan 9c;130;30;4;Non flood zone;To be done up;25;18;4;4;2;3;141;2;1;1;2;Yes;No;Yes;C;No;388;E;20220531027042;71 kg CO₂/m²;69756 kWh/year;Gas;Yes
9941998;House;9600;https://www.immoweb.be/en/classified/house/for-sale/ronse/9600/9941998?searchId=6298cd7fe13ca;Not specified;86 kg CO₂/m²;No;No;Not specified;Not specified;Fuel oil;Yes;No;;No;No;;Roterijstraat, 202;;2013;Good;3;4;1;1;Connected;Yes;4;175;Installed;12;3;18;15;1;No;2;Yes;Yes;No;No;C;359;101;A;20220523-0002609837-RES-1;Not specified;Not specified;Yes;;18661 - VK 3897;After signing the deed;92;Yes;;;No;No;Gas;Non flood zone;Isolated;3;No;No;G;Vue;4;55;Hyper equipped;1;Installed;Semi equipped;No;No;No;Installed;Yes;Yes;2;16;No;1000;14;No;Kapelanielaan 9c;130;30;4;Non flood zone;To be done up;25;18;4;4;2;3;141;2;1;1;2;Yes;No;Yes;C;No;388;E;20220531027042;71 kg CO₂/m²;69756 kWh/year;Gas;Yes
